;Point_of_departure;Country_of_departure;Latitude_of_departure;Longitude_of_departure;Transport_type;Point_of_arrival;Country_of_arrival;Latitude_of_arrival;Longitude_of_arrival;Distance;Cost;Duration;CO2_emissions;Mixed_objective
0;Le_Havre_RailwayStation;France;49.4927;0.1248;Truck_trailer;Milano_HighwayStation;Italy;45.4895;9.1272;808.9;5.4;0.41;2.07;0.7106
1;Paris_HighwayStation;France;48.8651;2.4154;Truck_trailer;Genova_RailwayStation;Italy;44.4171;8.9214;700.5;5.0;0.37;1.84;0.6541
2;Lyon_HighwayStation;France;45.7495;4.8267;Truck_trailer;Paris_Orly_Airport;France;48.7262;2.3652;379.5;2.6;0.19;0.95;0.3392
3;Paris_RailwayStation;France;48.8391;2.3827;Rail;Le_Havre_RailwayStation;France;49.4927;0.1248;179.5;0.1;0.22;0.15;0.1772
4;Milano_Port;Italy;45.4647;9.1885;Truck_trailer;Florence_Airport;Italy;43.8087;11.2012;243.4;1.7;0.12;0.62;0.2203
5;Genoa_Airport;Italy;44.4134;8.8446;Truck_trailer;Florence_HighwayStation;Italy;43.7552;11.1735;199.9;1.3;0.1;0.53;0.1717
6;Genoa_Airport;Italy;44.4134;8.8446;Truck_trailer;Le_Havre_RailwayStation;France;49.4927;0.1248;869.1;6.1;0.43;2.25;0.7904
7;Milano_Airport;Italy;45.6301;8.7255;Truck_trailer;Marseille_Port;France;43.2143;5.5381;369.0;2.5;0.18;0.96;0.3254
8;Florence_Airport;Italy;43.8087;11.2012;Truck_trailer;Milano_HighwayStation;Italy;45.4895;9.1272;248.7;1.8;0.13;0.67;0.2343
9;Marseille_Port;France;43.2143;5.5381;Truck_trailer;Marseille_RailwayStation;France;43.3018;5.3753;16.4;0.1;0.01;0.04;0.0141
10;Marseille_Port;France;43.2143;5.5381;Truck_trailer;Paris_HighwayStation;France;48.8651;2.4154;672.8;4.6;0.35;1.69;0.6053
11;Marseille_Airport;France;43.4384;5.2144;Truck_trailer;Florence_RailwayStation;Italy;43.7767;11.2479;487.1;3.5;0.26;1.23;0.458
12;Paris_HighwayStation;France;48.8651;2.4154;Truck_trailer;Paris_Orly_Airport;France;48.7262;2.3652;15.9;0.1;0.01;0.04;0.0141
13;Milano_Port;Italy;45.4647;9.1885;Truck_trailer;Le_Havre_RailwayStation;France;49.4927;0.1248;814.4;5.9;0.41;2.02;0.7618
14;Milano_HighwayStation;Italy;45.4895;9.1272;Truck_trailer;Florence_Airport;Italy;43.8087;11.2012;248.7;1.7;0.13;0.64;0.224
15;Lyon_HighwayStation;France;45.7495;4.8267;Truck_trailer;Florence_RailwayStation;Italy;43.7767;11.2479;552.2;3.6;0.3;1.46;0.4844
16;Le_Havre_Port;France;49.4719;0.1475;Truck_trailer;Florence_Airport;Italy;43.8087;11.2012;1051.2;7.0;0.53;2.85;0.9213
17;Le_Havre_RailwayStation;France;49.4927;0.1248;Truck_trailer;Marseille_Port;France;43.2143;5.5381;811.9;5.4;0.4;2.02;0.7067
18;Milano_Airport;Italy;45.6301;8.7255;Truck_trailer;Le_Havre_RailwayStation;France;49.4927;0.1248;774.5;5.1;0.41;1.97;0.6799
19;Milano_Port;Italy;45.4647;9.1885;Truck_trailer;Lyon_HighwayStation;France;45.7495;4.8267;340.7;2.3;0.18;0.85;0.3045
20;Paris_Orly_Airport;France;48.7262;2.3652;Truck_trailer;Le_Havre_Port;France;49.4719;0.1475;181.5;1.3;0.1;0.45;0.1713
21;Paris_RailwayStation;France;48.8391;2.3827;Truck_trailer;Genoa_Airport;Italy;44.4134;8.8446;696.4;4.9;0.37;1.84;0.6439
22;Genova_RailwayStation;Italy;44.4171;8.9214;Truck_trailer;Genoa_Airport;Italy;44.4134;8.8446;6.1;0.0;0.0;0.02;0.0004
23;Florence_RailwayStation;Italy;43.7767;11.2479;Truck_trailer;Florence_HighwayStation;Italy;43.7552;11.1735;6.4;0.0;0.0;0.02;0.0004
24;Le_Havre_RailwayStation;France;49.4927;0.1248;Rail;Paris_RailwayStation;France;48.8391;2.3827;179.5;0.1;0.22;0.14;0.1772
25;Marseille_RailwayStation;France;43.3018;5.3753;Truck_trailer;Milano_Airport;Italy;45.6301;8.7255;371.0;2.5;0.19;0.96;0.329
26;Paris_RailwayStation;France;48.8391;2.3827;Truck_trailer;Paris_HighwayStation;France;48.8651;2.4154;3.8;0.0;0.0;0.01;0.0
27;Lyon_HighwayStation;France;45.7495;4.8267;Truck_trailer;Milano_Airport;Italy;45.6301;8.7255;303.1;2.0;0.16;0.75;0.2662
28;Marseille_RailwayStation;France;43.3018;5.3753;Rail;Le_Havre_RailwayStation;France;49.4927;0.1248;797.0;0.4;0.97;0.63;0.781
29;Le_Havre_RailwayStation;France;49.4927;0.1248;Truck_trailer;Florence_Airport;Italy;43.8087;11.2012;1053.8;7.0;0.54;2.65;0.9242
30;Milano_HighwayStation;Italy;45.4895;9.1272;Tractor_trailer;Paris_HighwayStation;France;48.8651;2.4154;630.7;2.2;0.27;1.51;0.3392
31;Lyon_HighwayStation;France;45.7495;4.8267;Truck_trailer;Genova_RailwayStation;Italy;44.4171;8.9214;353.9;2.6;0.19;0.88;0.339
32;Milano_HighwayStation;Italy;45.4895;9.1272;Truck_trailer;Marseille_RailwayStation;France;43.3018;5.3753;384.7;2.7;0.21;1.02;0.3571
33;Le_Havre_RailwayStation;France;49.4927;0.1248;Truck_trailer;Milano_Airport;Italy;45.6301;8.7255;774.5;5.5;0.41;2.07;0.7208
34;Milano_Airport;Italy;45.6301;8.7255;Air_cargo;Genoa_Airport;Italy;44.4134;8.8446;135.6;0.7;0.01;1.73;0.1038
35;Genoa_Airport;Italy;44.4134;8.8446;Truck_trailer;Florence_RailwayStation;Italy;43.7767;11.2479;204.6;1.4;0.1;0.54;0.1819
36;Lyon_HighwayStation;France;45.7495;4.8267;Truck_trailer;Le_Havre_RailwayStation;France;49.4927;0.1248;545.2;3.9;0.27;1.37;0.5033
37;Florence_RailwayStation;Italy;43.7767;11.2479;Truck_trailer;Paris_HighwayStation;France;48.8651;2.4154;882.3;6.0;0.48;2.3;0.7989
38;Milano_Port;Italy;45.4647;9.1885;Truck_trailer;Marseille_RailwayStation;France;43.3018;5.3753;386.8;2.8;0.19;0.99;0.3601
39;Milano_Airport;Italy;45.6301;8.7255;Truck_trailer;Paris_HighwayStation;France;48.8651;2.4154;596.5;4.1;0.31;1.53;0.5389
40;Milano_Airport;Italy;45.6301;8.7255;Truck_trailer;Le_Havre_Port;France;49.4719;0.1475;771.9;5.1;0.42;2.05;0.6841
41;Le_Havre_Port;France;49.4719;0.1475;Truck_trailer;Milano_HighwayStation;Italy;45.4895;9.1272;806.3;5.4;0.43;2.12;0.7184
42;Milano_Port;Italy;45.4647;9.1885;Truck_trailer;Florence_HighwayStation;Italy;43.7552;11.1735;246.6;1.6;0.12;0.66;0.2102
43;Genoa_Airport;Italy;44.4134;8.8446;Truck_trailer;Marseille_RailwayStation;France;43.3018;5.3753;304.4;2.2;0.16;0.78;0.2867
44;Marseille_RailwayStation;France;43.3018;5.3753;Rail;Genova_RailwayStation;Italy;44.4171;8.9214;310.1;0.2;0.37;0.24;0.2983
45;Paris_HighwayStation;France;48.8651;2.4154;Truck_trailer;Le_Havre_Port;France;49.4719;0.1475;178.1;1.2;0.09;0.45;0.1574
46;Florence_HighwayStation;Italy;43.7552;11.1735;Truck_trailer;Paris_Orly_Airport;France;48.7262;2.3652;873.3;6.3;0.47;2.26;0.8253
47;Milano_Airport;Italy;45.6301;8.7255;Truck_trailer;Florence_RailwayStation;Italy;43.7767;11.2479;286.7;1.9;0.14;0.76;0.2486
48;Florence_RailwayStation;Italy;43.7767;11.2479;Truck_trailer;Milano_Port;Italy;45.4647;9.1885;248.6;1.8;0.14;0.66;0.238
49;Genova_RailwayStation;Italy;44.4171;8.9214;Truck_trailer;Florence_HighwayStation;Italy;43.7552;11.1735;194.3;1.3;0.1;0.48;0.1715
50;Milano_HighwayStation;Italy;45.4895;9.1272;Truck_trailer;Florence_RailwayStation;Italy;43.7767;11.2479;253.8;1.7;0.14;0.64;0.2278
51;Marseille_Port;France;43.2143;5.5381;Sea_cargo;Le_Havre_Port;France;49.4719;0.1475;809.1;0.0;0.71;0.08;0.5704
52;Genoa_Airport;Italy;44.4134;8.8446;Truck_trailer;Milano_HighwayStation;Italy;45.4895;9.1272;121.7;0.9;0.06;0.33;0.1154
53;Paris_HighwayStation;France;48.8651;2.4154;Tractor_trailer;Lyon_HighwayStation;France;45.7495;4.8267;391.2;1.4;0.16;0.96;0.2098
54;Florence_HighwayStation;Italy;43.7552;11.1735;Tractor_trailer;Paris_HighwayStation;France;48.8651;2.4154;879.6;3.1;0.36;2.07;0.4672
55;Milano_HighwayStation;Italy;45.4895;9.1272;Truck_trailer;Le_Havre_RailwayStation;France;49.4927;0.1248;808.9;5.7;0.42;2.15;0.7452
56;Milano_Port;Italy;45.4647;9.1885;Truck_trailer;Marseille_Airport;France;43.4384;5.2144;387.6;2.8;0.2;1.03;0.3637
57;Le_Havre_Port;France;49.4719;0.1475;Truck_trailer;Lyon_HighwayStation;France;45.7495;4.8267;542.3;3.9;0.28;1.43;0.5071
58;Florence_Airport;Italy;43.8087;11.2012;Truck_trailer;Paris_HighwayStation;France;48.8651;2.4154;877.1;6.1;0.45;2.35;0.7979
59;Genoa_Airport;Italy;44.4134;8.8446;Air_cargo;Milano_Airport;Italy;45.6301;8.7255;135.6;0.7;0.01;1.85;0.1066
60;Le_Havre_RailwayStation;France;49.4927;0.1248;Truck_trailer;Marseille_Airport;France;43.4384;5.2144;777.5;5.6;0.39;2.1;0.7241
61;Paris_Orly_Airport;France;48.7262;2.3652;Truck_trailer;Paris_HighwayStation;France;48.8651;2.4154;15.9;0.1;0.01;0.04;0.0141
62;Marseille_Port;France;43.2143;5.5381;Truck_trailer;Lyon_HighwayStation;France;45.7495;4.8267;287.5;1.9;0.15;0.72;0.2521
63;Paris_HighwayStation;France;48.8651;2.4154;Truck_trailer;Marseille_Port;France;43.2143;5.5381;672.8;4.8;0.35;1.71;0.6258
64;Genova_RailwayStation;Italy;44.4171;8.9214;Truck_trailer;Marseille_Port;France;43.2143;5.5381;302.6;2.1;0.15;0.81;0.2729
65;Paris_HighwayStation;France;48.8651;2.4154;Tractor_trailer;Florence_HighwayStation;Italy;43.7552;11.1735;879.6;3.1;0.37;2.16;0.4728
66;Marseille_Airport;France;43.4384;5.2144;Truck_trailer;Paris_HighwayStation;France;48.8651;2.4154;640.7;4.6;0.34;1.69;0.6016
67;Paris_Orly_Airport;France;48.7262;2.3652;Truck_trailer;Milano_Port;Italy;45.4647;9.1885;630.7;4.4;0.34;1.68;0.5812
68;Milano_Port;Italy;45.4647;9.1885;Truck_trailer;Milano_Airport;Italy;45.6301;8.7255;40.5;0.3;0.02;0.1;0.0384
69;Genova_RailwayStation;Italy;44.4171;8.9214;Truck_trailer;Marseille_Airport;France;43.4384;5.2144;316.2;2.2;0.16;0.8;0.2867
70;Florence_Airport;Italy;43.8087;11.2012;Air_cargo;Genoa_Airport;Italy;44.4134;8.8446;199.8;1.1;0.01;2.72;0.163
71;Marseille_Airport;France;43.4384;5.2144;Truck_trailer;Marseille_RailwayStation;France;43.3018;5.3753;20.0;0.1;0.01;0.05;0.0142
72;Florence_HighwayStation;Italy;43.7552;11.1735;Truck_trailer;Florence_RailwayStation;Italy;43.7767;11.2479;6.4;0.0;0.0;0.02;0.0004
73;Florence_Airport;Italy;43.8087;11.2012;Truck_trailer;Lyon_HighwayStation;France;45.7495;4.8267;547.3;4.0;0.28;1.42;0.5174
74;Genova_RailwayStation;Italy;44.4171;8.9214;Rail;Florence_RailwayStation;Italy;43.7767;11.2479;199.0;0.1;0.23;0.16;0.1852
75;Genoa_Airport;Italy;44.4134;8.8446;Truck_trailer;Paris_RailwayStation;France;48.8391;2.3827;696.4;4.7;0.36;1.82;0.6197
76;Paris_Orly_Airport;France;48.7262;2.3652;Truck_trailer;Florence_HighwayStation;Italy;43.7552;11.1735;873.3;6.3;0.47;2.29;0.8255
77;Florence_HighwayStation;Italy;43.7552;11.1735;Truck_trailer;Florence_Airport;Italy;43.8087;11.2012;6.4;0.0;0.0;0.02;0.0004
78;Le_Havre_Port;France;49.4719;0.1475;Truck_trailer;Paris_HighwayStation;France;48.8651;2.4154;178.1;1.3;0.1;0.48;0.1715
79;Marseille_Airport;France;43.4384;5.2144;Truck_trailer;Paris_RailwayStation;France;48.8391;2.3827;638.8;4.5;0.34;1.62;0.5911
80;Le_Havre_Port;France;49.4719;0.1475;Truck_trailer;Paris_RailwayStation;France;48.8391;2.3827;177.1;1.2;0.09;0.47;0.1575
81;Genoa_Airport;Italy;44.4134;8.8446;Truck_trailer;Genova_RailwayStation;Italy;44.4171;8.9214;6.1;0.0;0.0;0.02;0.0004
82;Le_Havre_RailwayStation;France;49.4927;0.1248;Truck_trailer;Le_Havre_Port;France;49.4719;0.1475;2.8;0.0;0.0;0.01;0.0
83;Milano_HighwayStation;Italy;45.4895;9.1272;Tractor_trailer;Florence_HighwayStation;Italy;43.7552;11.1735;251.8;0.9;0.11;0.63;0.1386
84;Florence_Airport;Italy;43.8087;11.2012;Truck_trailer;Florence_HighwayStation;Italy;43.7552;11.1735;6.4;0.0;0.0;0.02;0.0004
85;Florence_HighwayStation;Italy;43.7552;11.1735;Truck_trailer;Milano_Port;Italy;45.4647;9.1885;246.6;1.8;0.13;0.65;0.2342
86;Paris_RailwayStation;France;48.8391;2.3827;Rail;Genova_RailwayStation;Italy;44.4171;8.9214;700.3;0.4;0.86;0.55;0.6928
87;Genova_RailwayStation;Italy;44.4171;8.9214;Truck_trailer;Milano_Airport;Italy;45.6301;8.7255;135.8;1.0;0.07;0.35;0.1293
88;Milano_Port;Italy;45.4647;9.1885;Sea_cargo;Le_Havre_Port;France;49.4719;0.1475;811.8;0.0;0.73;0.07;0.5865
89;Paris_HighwayStation;France;48.8651;2.4154;Truck_trailer;Florence_RailwayStation;Italy;43.7767;11.2479;882.3;6.0;0.48;2.33;0.799
90;Paris_HighwayStation;France;48.8651;2.4154;Tractor_trailer;Milano_HighwayStation;Italy;45.4895;9.1272;630.7;2.3;0.27;1.54;0.3481
91;Marseille_Port;France;43.2143;5.5381;Sea_cargo;Milano_Port;Italy;45.4647;9.1885;383.2;0.0;0.35;0.04;0.2812
92;Marseille_Port;France;43.2143;5.5381;Truck_trailer;Florence_RailwayStation;Italy;43.7767;11.2479;464.7;3.4;0.24;1.23;0.4405
93;Paris_Orly_Airport;France;48.7262;2.3652;Air_cargo;Milano_Airport;Italy;45.6301;8.7255;591.0;3.4;0.03;7.66;0.4873
94;Paris_RailwayStation;France;48.8391;2.3827;Truck_trailer;Marseille_Port;France;43.2143;5.5381;671.1;4.9;0.35;1.75;0.6363
95;Le_Havre_RailwayStation;France;49.4927;0.1248;Rail;Genova_RailwayStation;Italy;44.4171;8.9214;873.2;0.5;1.09;0.7;0.878
96;Milano_Airport;Italy;45.6301;8.7255;Truck_trailer;Lyon_HighwayStation;France;45.7495;4.8267;303.1;2.0;0.16;0.8;0.2664
97;Marseille_RailwayStation;France;43.3018;5.3753;Truck_trailer;Paris_HighwayStation;France;48.8651;2.4154;659.3;4.6;0.33;1.62;0.5977
98;Florence_RailwayStation;Italy;43.7767;11.2479;Rail;Genova_RailwayStation;Italy;44.4171;8.9214;199.0;0.1;0.25;0.16;0.2013
99;Lyon_HighwayStation;France;45.7495;4.8267;Truck_trailer;Milano_Port;Italy;45.4647;9.1885;340.7;2.5;0.18;0.92;0.3252
100;Milano_Airport;Italy;45.6301;8.7255;Truck_trailer;Milano_HighwayStation;Italy;45.4895;9.1272;35.0;0.2;0.02;0.09;0.0283
101;Florence_RailwayStation;Italy;43.7767;11.2479;Truck_trailer;Paris_Orly_Airport;France;48.7262;2.3652;876.2;6.1;0.48;2.33;0.8091
102;Milano_Port;Italy;45.4647;9.1885;Truck_trailer;Genoa_Airport;Italy;44.4134;8.8446;120.0;0.8;0.06;0.3;0.1049
103;Genova_RailwayStation;Italy;44.4171;8.9214;Truck_trailer;Lyon_HighwayStation;France;45.7495;4.8267;353.9;2.5;0.18;0.92;0.3252
104;Genova_RailwayStation;Italy;44.4171;8.9214;Rail;Marseille_RailwayStation;France;43.3018;5.3753;310.1;0.2;0.38;0.25;0.3063
105;Milano_Airport;Italy;45.6301;8.7255;Truck_trailer;Marseille_RailwayStation;France;43.3018;5.3753;371.0;2.5;0.19;0.99;0.3292
106;Florence_HighwayStation;Italy;43.7552;11.1735;Truck_trailer;Marseille_RailwayStation;France;43.3018;5.3753;470.1;3.3;0.24;1.21;0.4302
107;Florence_RailwayStation;Italy;43.7767;11.2479;Truck_trailer;Marseille_Port;France;43.2143;5.5381;464.7;3.1;0.25;1.14;0.4133
108;Le_Havre_Port;France;49.4719;0.1475;Sea_cargo;Milano_Port;Italy;45.4647;9.1885;811.8;0.0;0.72;0.07;0.5785
109;Paris_RailwayStation;France;48.8391;2.3827;Truck_trailer;Florence_Airport;Italy;43.8087;11.2012;877.3;5.8;0.46;2.33;0.7711
110;Le_Havre_Port;France;49.4719;0.1475;Truck_trailer;Milano_Airport;Italy;45.6301;8.7255;771.9;5.2;0.42;1.99;0.6939
111;Paris_RailwayStation;France;48.8391;2.3827;Truck_trailer;Milano_Airport;Italy;45.6301;8.7255;596.9;4.0;0.3;1.57;0.5251
112;Marseille_Airport;France;43.4384;5.2144;Truck_trailer;Lyon_HighwayStation;France;45.7495;4.8267;258.8;1.7;0.14;0.67;0.228
113;Milano_Airport;Italy;45.6301;8.7255;Air_cargo;Marseille_Airport;France;43.4384;5.2144;369.9;2.1;0.02;5.02;0.3074
114;Le_Havre_RailwayStation;France;49.4927;0.1248;Truck_trailer;Florence_HighwayStation;Italy;43.7552;11.1735;1056.0;7.7;0.55;2.78;1.0
115;Marseille_RailwayStation;France;43.3018;5.3753;Truck_trailer;Le_Havre_Port;France;49.4719;0.1475;794.2;5.6;0.4;2.04;0.7273
116;Marseille_Port;France;43.2143;5.5381;Truck_trailer;Genoa_Airport;Italy;44.4134;8.8446;296.9;2.1;0.16;0.78;0.2764
117;Florence_RailwayStation;Italy;43.7767;11.2479;Rail;Paris_RailwayStation;France;48.8391;2.3827;882.5;0.5;1.07;0.74;0.862
118;Marseille_Airport;France;43.4384;5.2144;Air_cargo;Genoa_Airport;Italy;44.4134;8.8446;310.3;1.6;0.01;3.96;0.2371
119;Genoa_Airport;Italy;44.4134;8.8446;Truck_trailer;Marseille_Port;France;43.2143;5.5381;296.9;2.1;0.16;0.79;0.2765
120;Milano_HighwayStation;Italy;45.4895;9.1272;Truck_trailer;Milano_Airport;Italy;45.6301;8.7255;35.0;0.2;0.02;0.09;0.0283
121;Genova_RailwayStation;Italy;44.4171;8.9214;Truck_trailer;Le_Havre_Port;France;49.4719;0.1475;870.5;5.9;0.47;2.28;0.7848
122;Le_Havre_RailwayStation;France;49.4927;0.1248;Truck_trailer;Genoa_Airport;Italy;44.4134;8.8446;869.1;5.9;0.45;2.22;0.777
123;Florence_HighwayStation;Italy;43.7552;11.1735;Truck_trailer;Marseille_Port;France;43.2143;5.5381;458.5;3.1;0.24;1.21;0.4097
124;Florence_RailwayStation;Italy;43.7767;11.2479;Truck_trailer;Lyon_HighwayStation;France;45.7495;4.8267;552.2;3.7;0.29;1.47;0.4905
125;Paris_RailwayStation;France;48.8391;2.3827;Rail;Marseille_RailwayStation;France;43.3018;5.3753;657.4;0.3;0.81;0.54;0.652
126;Marseille_Airport;France;43.4384;5.2144;Truck_trailer;Marseille_Port;France;43.2143;5.5381;36.1;0.3;0.02;0.09;0.0384
127;Le_Havre_Port;France;49.4719;0.1475;Truck_trailer;Le_Havre_RailwayStation;France;49.4927;0.1248;2.8;0.0;0.0;0.01;0.0
128;Le_Havre_Port;France;49.4719;0.1475;Truck_trailer;Paris_Orly_Airport;France;48.7262;2.3652;181.5;1.3;0.09;0.46;0.1678
129;Le_Havre_RailwayStation;France;49.4927;0.1248;Truck_trailer;Lyon_HighwayStation;France;45.7495;4.8267;545.2;3.9;0.28;1.36;0.5068
130;Florence_HighwayStation;Italy;43.7552;11.1735;Truck_trailer;Milano_Airport;Italy;45.6301;8.7255;284.4;1.9;0.14;0.76;0.2486
131;Milano_Port;Italy;45.4647;9.1885;Truck_trailer;Paris_Orly_Airport;France;48.7262;2.3652;630.7;4.2;0.34;1.61;0.5607
132;Lyon_HighwayStation;France;45.7495;4.8267;Truck_trailer;Genoa_Airport;Italy;44.4134;8.8446;348.6;2.4;0.18;0.86;0.3147
133;Genoa_Airport;Italy;44.4134;8.8446;Air_cargo;Paris_Orly_Airport;France;48.7262;2.3652;689.0;3.9;0.03;9.33;0.571
134;Paris_RailwayStation;France;48.8391;2.3827;Truck_trailer;Marseille_Airport;France;43.4384;5.2144;638.8;4.2;0.34;1.69;0.5611
135;Marseille_RailwayStation;France;43.3018;5.3753;Truck_trailer;Milano_Port;Italy;45.4647;9.1885;386.8;2.8;0.21;1.04;0.3673
136;Florence_Airport;Italy;43.8087;11.2012;Air_cargo;Milano_Airport;Italy;45.6301;8.7255;281.5;1.6;0.01;3.71;0.2314
137;Florence_RailwayStation;Italy;43.7767;11.2479;Rail;Le_Havre_RailwayStation;France;49.4927;0.1248;1059.0;0.5;1.24;0.84;0.9984
138;Paris_Orly_Airport;France;48.7262;2.3652;Truck_trailer;Marseille_Port;France;43.2143;5.5381;660.0;4.6;0.35;1.67;0.6052
139;Florence_RailwayStation;Italy;43.7767;11.2479;Truck_trailer;Marseille_Airport;France;43.4384;5.2144;487.1;3.4;0.24;1.29;0.4408
140;Florence_HighwayStation;Italy;43.7552;11.1735;Truck_trailer;Le_Havre_RailwayStation;France;49.4927;0.1248;1056.0;7.4;0.53;2.84;0.9622
141;Genova_RailwayStation;Italy;44.4171;8.9214;Truck_trailer;Milano_HighwayStation;Italy;45.4895;9.1272;120.3;0.8;0.06;0.31;0.105
142;Florence_RailwayStation;Italy;43.7767;11.2479;Truck_trailer;Le_Havre_Port;France;49.4719;0.1475;1056.3;7.5;0.56;2.76;0.983
143;Le_Havre_RailwayStation;France;49.4927;0.1248;Truck_trailer;Paris_HighwayStation;France;48.8651;2.4154;180.5;1.3;0.1;0.46;0.1714
144;Paris_RailwayStation;France;48.8391;2.3827;Truck_trailer;Le_Havre_Port;France;49.4719;0.1475;177.1;1.2;0.1;0.45;0.1613
145;Milano_HighwayStation;Italy;45.4895;9.1272;Truck_trailer;Marseille_Airport;France;43.4384;5.2144;385.2;2.7;0.21;0.98;0.3569
146;Le_Havre_RailwayStation;France;49.4927;0.1248;Truck_trailer;Paris_Orly_Airport;France;48.7262;2.3652;184.0;1.3;0.09;0.48;0.1678
147;Milano_HighwayStation;Italy;45.4895;9.1272;Truck_trailer;Milano_Port;Italy;45.4647;9.1885;5.5;0.0;0.0;0.01;0.0
148;Florence_HighwayStation;Italy;43.7552;11.1735;Truck_trailer;Le_Havre_Port;France;49.4719;0.1475;1053.4;7.4;0.54;2.64;0.965
149;Milano_HighwayStation;Italy;45.4895;9.1272;Tractor_trailer;Lyon_HighwayStation;France;45.7495;4.8267;335.7;1.2;0.14;0.85;0.1815
150;Marseille_Airport;France;43.4384;5.2144;Air_cargo;Milano_Airport;Italy;45.6301;8.7255;369.9;2.0;0.02;4.95;0.2967
151;Marseille_Port;France;43.2143;5.5381;Truck_trailer;Milano_Airport;Italy;45.6301;8.7255;369.0;2.6;0.19;1.0;0.3394
152;Paris_Orly_Airport;France;48.7262;2.3652;Air_cargo;Florence_Airport;Italy;43.8087;11.2012;871.0;4.9;0.04;11.77;0.7186
153;Marseille_Port;France;43.2143;5.5381;Truck_trailer;Paris_RailwayStation;France;48.8391;2.3827;671.1;4.8;0.35;1.77;0.6261
154;Paris_HighwayStation;France;48.8651;2.4154;Truck_trailer;Milano_Airport;Italy;45.6301;8.7255;596.5;4.0;0.3;1.55;0.5251
155;Paris_Orly_Airport;France;48.7262;2.3652;Truck_trailer;Florence_RailwayStation;Italy;43.7767;11.2479;876.2;6.0;0.44;2.32;0.7839
156;Florence_Airport;Italy;43.8087;11.2012;Truck_trailer;Milano_Port;Italy;45.4647;9.1885;243.4;1.7;0.13;0.66;0.2241
157;Marseille_Airport;France;43.4384;5.2144;Truck_trailer;Le_Havre_RailwayStation;France;49.4927;0.1248;777.5;5.3;0.4;1.92;0.6961
158;Le_Havre_Port;France;49.4719;0.1475;Truck_trailer;Florence_RailwayStation;Italy;43.7767;11.2479;1056.3;7.5;0.56;2.83;0.9833
159;Genova_RailwayStation;Italy;44.4171;8.9214;Truck_trailer;Paris_Orly_Airport;France;48.7262;2.3652;692.9;5.0;0.35;1.84;0.647
160;Le_Havre_Port;France;49.4719;0.1475;Truck_trailer;Florence_HighwayStation;Italy;43.7552;11.1735;1053.4;7.5;0.55;2.77;0.9794
161;Marseille_RailwayStation;France;43.3018;5.3753;Truck_trailer;Milano_HighwayStation;Italy;45.4895;9.1272;384.7;2.8;0.2;0.97;0.3635
162;Lyon_HighwayStation;France;45.7495;4.8267;Truck_trailer;Marseille_RailwayStation;France;43.3018;5.3753;275.6;1.9;0.14;0.71;0.2484
163;Milano_Port;Italy;45.4647;9.1885;Truck_trailer;Genova_RailwayStation;Italy;44.4171;8.9214;118.4;0.8;0.06;0.3;0.1049
164;Paris_Orly_Airport;France;48.7262;2.3652;Truck_trailer;Marseille_RailwayStation;France;43.3018;5.3753;646.3;4.4;0.35;1.66;0.5849
165;Genova_RailwayStation;Italy;44.4171;8.9214;Rail;Paris_RailwayStation;France;48.8391;2.3827;700.3;0.4;0.84;0.55;0.6768
166;Florence_Airport;Italy;43.8087;11.2012;Air_cargo;Paris_Orly_Airport;France;48.7262;2.3652;871.0;4.7;0.04;11.91;0.7038
167;Marseille_Port;France;43.2143;5.5381;Truck_trailer;Milano_HighwayStation;Italy;45.4895;9.1272;381.3;2.8;0.19;1.03;0.3602
168;Genoa_Airport;Italy;44.4134;8.8446;Air_cargo;Florence_Airport;Italy;43.8087;11.2012;199.8;1.0;0.01;2.72;0.1541
169;Genova_RailwayStation;Italy;44.4171;8.9214;Truck_trailer;Paris_HighwayStation;France;48.8651;2.4154;700.5;5.0;0.38;1.8;0.6576
170;Lyon_HighwayStation;France;45.7495;4.8267;Truck_trailer;Florence_Airport;Italy;43.8087;11.2012;547.3;3.7;0.28;1.39;0.4864
171;Paris_RailwayStation;France;48.8391;2.3827;Truck_trailer;Paris_Orly_Airport;France;48.7262;2.3652;12.6;0.1;0.01;0.03;0.0141
172;Paris_Orly_Airport;France;48.7262;2.3652;Truck_trailer;Milano_HighwayStation;Italy;45.4895;9.1272;625.3;4.3;0.32;1.54;0.563
173;Paris_Orly_Airport;France;48.7262;2.3652;Truck_trailer;Genova_RailwayStation;Italy;44.4171;8.9214;692.9;4.7;0.34;1.83;0.6124
174;Florence_HighwayStation;Italy;43.7552;11.1735;Tractor_trailer;Lyon_HighwayStation;France;45.7495;4.8267;547.8;2.0;0.22;1.27;0.295
175;Florence_HighwayStation;Italy;43.7552;11.1735;Truck_trailer;Genova_RailwayStation;Italy;44.4171;8.9214;194.3;1.4;0.1;0.52;0.1818
176;Lyon_HighwayStation;France;45.7495;4.8267;Truck_trailer;Marseille_Port;France;43.2143;5.5381;287.5;2.1;0.14;0.72;0.2691
177;Florence_Airport;Italy;43.8087;11.2012;Truck_trailer;Marseille_RailwayStation;France;43.3018;5.3753;472.7;3.2;0.25;1.22;0.4237
178;Paris_RailwayStation;France;48.8391;2.3827;Rail;Florence_RailwayStation;Italy;43.7767;11.2479;882.5;0.5;1.02;0.7;0.8219
179;Milano_Airport;Italy;45.6301;8.7255;Truck_trailer;Genova_RailwayStation;Italy;44.4171;8.9214;135.8;0.9;0.07;0.35;0.119
180;Milano_HighwayStation;Italy;45.4895;9.1272;Truck_trailer;Le_Havre_Port;France;49.4719;0.1475;806.3;5.6;0.44;2.15;0.7425
181;Paris_RailwayStation;France;48.8391;2.3827;Truck_trailer;Milano_Port;Italy;45.4647;9.1885;636.5;4.5;0.32;1.64;0.584
182;Marseille_Airport;France;43.4384;5.2144;Truck_trailer;Le_Havre_Port;France;49.4719;0.1475;774.7;5.6;0.42;2.05;0.7346
183;Paris_HighwayStation;France;48.8651;2.4154;Truck_trailer;Marseille_Airport;France;43.4384;5.2144;640.7;4.3;0.33;1.67;0.5672
184;Paris_HighwayStation;France;48.8651;2.4154;Truck_trailer;Milano_Port;Italy;45.4647;9.1885;636.1;4.4;0.33;1.58;0.5771
185;Milano_Airport;Italy;45.6301;8.7255;Air_cargo;Florence_Airport;Italy;43.8087;11.2012;281.5;1.5;0.01;3.6;0.2197
186;Florence_RailwayStation;Italy;43.7767;11.2479;Rail;Marseille_RailwayStation;France;43.3018;5.3753;476.2;0.2;0.58;0.4;0.4668
187;Florence_Airport;Italy;43.8087;11.2012;Truck_trailer;Florence_RailwayStation;Italy;43.7767;11.2479;5.2;0.0;0.0;0.01;0.0
188;Marseille_Port;France;43.2143;5.5381;Truck_trailer;Marseille_Airport;France;43.4384;5.2144;36.1;0.3;0.02;0.1;0.0384
189;Le_Havre_RailwayStation;France;49.4927;0.1248;Rail;Marseille_RailwayStation;France;43.3018;5.3753;797.0;0.4;0.97;0.62;0.781
190;Genoa_Airport;Italy;44.4134;8.8446;Truck_trailer;Le_Havre_Port;France;49.4719;0.1475;866.4;5.9;0.44;2.29;0.7736
191;Marseille_RailwayStation;France;43.3018;5.3753;Rail;Paris_RailwayStation;France;48.8391;2.3827;657.4;0.3;0.82;0.52;0.66
192;Le_Havre_Port;France;49.4719;0.1475;Truck_trailer;Marseille_RailwayStation;France;43.3018;5.3753;794.2;5.2;0.39;2.09;0.6829
193;Milano_Port;Italy;45.4647;9.1885;Sea_cargo;Marseille_Port;France;43.2143;5.5381;383.2;0.0;0.35;0.03;0.2812
194;Genova_RailwayStation;Italy;44.4171;8.9214;Rail;Le_Havre_RailwayStation;France;49.4927;0.1248;873.2;0.4;1.0;0.7;0.8052
195;Paris_Orly_Airport;France;48.7262;2.3652;Truck_trailer;Lyon_HighwayStation;France;45.7495;4.8267;379.5;2.6;0.2;0.93;0.3428
196;Marseille_Airport;France;43.4384;5.2144;Truck_trailer;Florence_HighwayStation;Italy;43.7552;11.1735;481.1;3.4;0.24;1.29;0.4408
197;Paris_RailwayStation;France;48.8391;2.3827;Truck_trailer;Lyon_HighwayStation;France;45.7495;4.8267;389.8;2.7;0.2;1.04;0.3535
198;Genoa_Airport;Italy;44.4134;8.8446;Truck_trailer;Milano_Port;Italy;45.4647;9.1885;120.0;0.9;0.06;0.29;0.1152
199;Marseille_RailwayStation;France;43.3018;5.3753;Truck_trailer;Florence_Airport;Italy;43.8087;11.2012;472.7;3.3;0.26;1.22;0.4376
200;Genoa_Airport;Italy;44.4134;8.8446;Truck_trailer;Paris_HighwayStation;France;48.8651;2.4154;696.6;4.9;0.35;1.87;0.6368
201;Marseille_Port;France;43.2143;5.5381;Truck_trailer;Le_Havre_RailwayStation;France;49.4927;0.1248;811.9;5.9;0.44;2.1;0.7728
202;Marseille_RailwayStation;France;43.3018;5.3753;Truck_trailer;Marseille_Port;France;43.2143;5.5381;16.4;0.1;0.01;0.04;0.0141
203;Marseille_RailwayStation;France;43.3018;5.3753;Truck_trailer;Paris_Orly_Airport;France;48.7262;2.3652;646.3;4.5;0.35;1.65;0.595
204;Lyon_HighwayStation;France;45.7495;4.8267;Truck_trailer;Marseille_Airport;France;43.4384;5.2144;258.8;1.7;0.13;0.69;0.2242
205;Paris_HighwayStation;France;48.8651;2.4154;Truck_trailer;Le_Havre_RailwayStation;France;49.4927;0.1248;180.5;1.2;0.09;0.45;0.1574
206;Marseille_RailwayStation;France;43.3018;5.3753;Truck_trailer;Florence_HighwayStation;Italy;43.7552;11.1735;470.1;3.4;0.23;1.15;0.4368
207;Milano_Port;Italy;45.4647;9.1885;Truck_trailer;Milano_HighwayStation;Italy;45.4895;9.1272;5.5;0.0;0.0;0.01;0.0
208;Florence_Airport;Italy;43.8087;11.2012;Truck_trailer;Genova_RailwayStation;Italy;44.4171;8.9214;194.2;1.3;0.1;0.49;0.1715
209;Paris_HighwayStation;France;48.8651;2.4154;Truck_trailer;Florence_Airport;Italy;43.8087;11.2012;877.1;6.2;0.47;2.18;0.8148
210;Florence_RailwayStation;Italy;43.7767;11.2479;Truck_trailer;Milano_HighwayStation;Italy;45.4895;9.1272;253.8;1.7;0.13;0.66;0.2241
211;Marseille_RailwayStation;France;43.3018;5.3753;Rail;Florence_RailwayStation;Italy;43.7767;11.2479;476.2;0.3;0.54;0.38;0.4355
212;Marseille_Airport;France;43.4384;5.2144;Air_cargo;Paris_Orly_Airport;France;48.7262;2.3652;627.6;3.5;0.03;8.19;0.5084
213;Paris_Orly_Airport;France;48.7262;2.3652;Truck_trailer;Le_Havre_RailwayStation;France;49.4927;0.1248;184.0;1.3;0.1;0.46;0.1714
214;Florence_Airport;Italy;43.8087;11.2012;Truck_trailer;Le_Havre_Port;France;49.4719;0.1475;1051.2;7.6;0.53;2.79;0.9827
215;Le_Havre_Port;France;49.4719;0.1475;Truck_trailer;Genoa_Airport;Italy;44.4134;8.8446;866.4;5.8;0.45;2.16;0.7666
216;Milano_Airport;Italy;45.6301;8.7255;Truck_trailer;Florence_HighwayStation;Italy;43.7552;11.1735;284.4;1.9;0.16;0.73;0.2561
217;Milano_HighwayStation;Italy;45.4895;9.1272;Truck_trailer;Genova_RailwayStation;Italy;44.4171;8.9214;120.3;0.9;0.06;0.3;0.1153
218;Milano_Port;Italy;45.4647;9.1885;Truck_trailer;Florence_RailwayStation;Italy;43.7767;11.2479;248.6;1.8;0.13;0.63;0.2342
219;Marseille_Port;France;43.2143;5.5381;Truck_trailer;Florence_HighwayStation;Italy;43.7552;11.1735;458.5;3.3;0.24;1.2;0.4301
220;Genova_RailwayStation;Italy;44.4171;8.9214;Truck_trailer;Milano_Port;Italy;45.4647;9.1885;118.4;0.8;0.06;0.32;0.105
221;Genova_RailwayStation;Italy;44.4171;8.9214;Truck_trailer;Florence_Airport;Italy;43.8087;11.2012;194.2;1.3;0.1;0.49;0.1715
222;Florence_Airport;Italy;43.8087;11.2012;Truck_trailer;Paris_RailwayStation;France;48.8391;2.3827;877.3;6.0;0.44;2.3;0.7838
223;Florence_HighwayStation;Italy;43.7552;11.1735;Truck_trailer;Genoa_Airport;Italy;44.4134;8.8446;199.9;1.3;0.11;0.5;0.1754
224;Le_Havre_Port;France;49.4719;0.1475;Sea_cargo;Marseille_Port;France;43.2143;5.5381;809.1;0.0;0.7;0.07;0.5624
225;Le_Havre_RailwayStation;France;49.4927;0.1248;Truck_trailer;Milano_Port;Italy;45.4647;9.1885;814.4;5.7;0.44;2.07;0.7523
226;Genoa_Airport;Italy;44.4134;8.8446;Air_cargo;Marseille_Airport;France;43.4384;5.2144;310.3;1.8;0.01;4.32;0.2636
227;Lyon_HighwayStation;France;45.7495;4.8267;Tractor_trailer;Paris_HighwayStation;France;48.8651;2.4154;391.2;1.4;0.17;0.96;0.2149
228;Paris_RailwayStation;France;48.8391;2.3827;Truck_trailer;Florence_HighwayStation;Italy;43.7552;11.1735;879.7;5.9;0.47;2.31;0.785
229;Marseille_Airport;France;43.4384;5.2144;Truck_trailer;Milano_Port;Italy;45.4647;9.1885;387.6;2.8;0.2;0.95;0.3634
230;Marseille_RailwayStation;France;43.3018;5.3753;Truck_trailer;Lyon_HighwayStation;France;45.7495;4.8267;275.6;1.8;0.14;0.73;0.2383
231;Paris_HighwayStation;France;48.8651;2.4154;Truck_trailer;Marseille_RailwayStation;France;43.3018;5.3753;659.3;4.7;0.36;1.64;0.619
232;Genoa_Airport;Italy;44.4134;8.8446;Truck_trailer;Lyon_HighwayStation;France;45.7495;4.8267;348.6;2.5;0.18;0.87;0.325
233;Milano_Airport;Italy;45.6301;8.7255;Truck_trailer;Paris_RailwayStation;France;48.8391;2.3827;596.9;4.3;0.32;1.59;0.5632
234;Marseille_Airport;France;43.4384;5.2144;Truck_trailer;Milano_HighwayStation;Italy;45.4895;9.1272;385.2;2.5;0.2;0.96;0.3328
235;Marseille_Port;France;43.2143;5.5381;Truck_trailer;Florence_Airport;Italy;43.8087;11.2012;461.4;3.2;0.25;1.22;0.4237
236;Florence_HighwayStation;Italy;43.7552;11.1735;Tractor_trailer;Milano_HighwayStation;Italy;45.4895;9.1272;251.8;0.9;0.11;0.64;0.1386
237;Milano_HighwayStation;Italy;45.4895;9.1272;Truck_trailer;Genoa_Airport;Italy;44.4134;8.8446;121.7;0.8;0.06;0.31;0.105
238;Florence_Airport;Italy;43.8087;11.2012;Air_cargo;Marseille_Airport;France;43.4384;5.2144;483.5;2.5;0.02;6.36;0.3748
239;Florence_RailwayStation;Italy;43.7767;11.2479;Truck_trailer;Florence_Airport;Italy;43.8087;11.2012;5.2;0.0;0.0;0.01;0.0
240;Marseille_RailwayStation;France;43.3018;5.3753;Truck_trailer;Genoa_Airport;Italy;44.4134;8.8446;304.4;2.0;0.16;0.81;0.2664
241;Lyon_HighwayStation;France;45.7495;4.8267;Tractor_trailer;Florence_HighwayStation;Italy;43.7552;11.1735;547.8;1.9;0.22;1.33;0.2864
242;Paris_Orly_Airport;France;48.7262;2.3652;Air_cargo;Genoa_Airport;Italy;44.4134;8.8446;689.0;3.7;0.03;9.54;0.5579
243;Paris_HighwayStation;France;48.8651;2.4154;Truck_trailer;Genoa_Airport;Italy;44.4134;8.8446;696.6;4.8;0.35;1.81;0.6262
244;Marseille_Airport;France;43.4384;5.2144;Air_cargo;Florence_Airport;Italy;43.8087;11.2012;483.5;2.6;0.02;6.44;0.3857
